{
    "Rome": [
        41.8933203,
        12.4829321
    ],
    "Milan": [
        45.4641943,
        9.1896346
    ],
    "Naples": [
        40.8358846,
        14.2487679
    ],
    "Turin": [
        45.0677551,
        7.6824892
    ],
    "Palermo": [
        38.1112268,
        13.3524434
    ],
    "Genoa": [
        44.40726,
        8.9338624
    ],
    "Bologna": [
        44.4938203,
        11.3426327
    ],
    "Florence": [
        43.7697955,
        11.2556404
    ],
    "Bari": [
        41.1257843,
        16.8620293
    ],
    "Catania": [
        37.5023612,
        15.0873718
    ],
    "Venice": [
        45.4371908,
        12.3345898
    ],
    "Verona": [
        45.4384958,
        10.9924122
    ],
    "Messina": [
        38.1937571,
        15.5542082
    ],
    "Padua": [
        45.4077172,
        11.8734455
    ],
    "Trieste": [
        45.6496485,
        13.7772781
    ],
    "Brescia": [
        45.77958045,
        10.4258729694612
    ],
    "Taranto": [
        40.54881555,
        17.08058012454743
    ],
    "Prato": [
        43.935718050000006,
        11.09414726770089
    ],
    "Reggio Calabria": [
        38.1035389,
        15.6397556
    ],
    "Modena": [
        44.5384728,
        10.935960870530739
    ],
    "Parma": [
        44.8013678,
        10.3280833
    ],
    "Perugia": [
        43.1070321,
        12.402996209906487
    ],
    "Livorno": [
        42.790216599999994,
        10.340278678735025
    ],
    "Ravenna": [
        44.364060699999996,
        12.059009490863945
    ],
    "Foggia": [
        41.50281055,
        15.452899609627728
    ],
    "Rimini": [
        43.946503899999996,
        12.631031715742981
    ],
    "Salerno": [
        40.419441649999996,
        15.310608468834516
    ],
    "Ferrara": [
        44.766764249999994,
        11.827938995640167
    ],
    "Sassari": [
        40.7778499,
        8.9219725134863
    ]
}